year,title,clean_test,binary,intgross_2013
2013,21 &amp; Over,notalk,FAIL,42195766
2012,Dredd 3D,ok,PASS,41467257
2013,12 Years a Slave,notalk,FAIL,158607035
2013,2 Guns,notalk,FAIL,132493015
2013,42,men,FAIL,95020213
2013,47 Ronin,men,FAIL,145803842
2013,A Good Day to Die Hard,notalk,FAIL,304249198
2013,About Time,ok,PASS,87324746
2013,Admission,ok,PASS,18007317
2013,After Earth,notalk,FAIL,244373198
2013,American Hustle,ok,PASS,249484909
2013,August: Osage County,ok,PASS,50304874
2013,Beautiful Creatures,ok,PASS,55940671
2013,Blue Jasmine,ok,PASS,68447831
2013,Captain Phillips,notalk,FAIL,218743570
2013,Carrie,ok,PASS,85001659
2013,Cloudy with a Chance of Meatballs 2,nowomen,FAIL,271725448
2013,Despicable Me 2,ok,PASS,970766005
2013,Don Jon,dubious,FAIL,26377704
2013,Elysium,ok,PASS,286192091
2013,Ender&#39;s Game,men,FAIL,89737191
2013,Epic,ok,PASS,268418682
2013,Escape from Planet Earth,ok,PASS,66454811
2013,Escape Plan,men,FAIL,103813103
2013,Evil Dead,ok,PASS,97402049
2013,Fast and Furious 6,ok,PASS,788128122
2013,Frozen,ok,PASS,1004550114
2013,G.I. Joe: Retaliation,ok,PASS,371923060
2013,Gangster Squad,notalk,FAIL,104100903
2013,Gloria,ok,PASS,4967493
2013,Gravity,nowomen,FAIL,708714796
2013,Grown Ups 2,men,FAIL,247023808
2013,Hansel &amp; Gretel: Witch Hunters,ok,PASS,225703475
2013,Her,men,FAIL,33029713
2013,Identity Thief,men,FAIL,176269721
2013,Insidious: Chapter 2,men,FAIL,161911222
2013,Iron Man 3,dubious,FAIL,1212692272
2013,Jack the Giant Slayer,nowomen,FAIL,197387603
2013,Kick-Ass 2,ok,PASS,60839197
2013,Last Vegas,notalk,FAIL,112914167
2013,Lee Daniels&#39; The Butler,ok,PASS,151513429
2013,Machete Kills,ok,PASS,9408161
2013,Mama,ok,PASS,148041253
2013,Man of Steel,ok,PASS,687999518
2013,Nebraska,ok,PASS,17482517
2013,Now You See Me,notalk,FAIL,351723989
2013,Oblivion,men,FAIL,287537983
2013,Olympus Has Fallen,notalk,FAIL,150562164
2013,Oz the Great and Powerful,ok,PASS,489570996
2013,Pacific Rim,notalk,FAIL,411002906
2013,Pain &amp; Gain,notalk,FAIL,81275291
2013,Parker,ok,PASS,46346651
2013,Peeples,dubious,FAIL,9177065
2013,Percy Jackson: Sea of Monsters,ok,PASS,200859554
2013,Prisoners,ok,PASS,113402302
2013,R.I.P.D.,notalk,FAIL,79019947
2013,Red 2,ok,PASS,137162560
2013,Riddick,notalk,FAIL,92425135
2013,Runner Runner,nowomen,FAIL,62616646
2013,Rush,notalk,FAIL,43047624
2013,Safe Haven,ok,PASS,93943623
2013,Saving Mr. Banks,ok,PASS,100734332
2013,Side Effects,ok,PASS,60288363
2013,Star Trek Into Darkness,notalk,FAIL,466978661
2013,Texas Chainsaw 3D,ok,PASS,39093317
2013,The Big Wedding,ok,PASS,35770721
2013,The Book Thief,ok,PASS,62045525
2013,The Call,ok,PASS,58938768
2013,The Conjuring,ok,PASS,318000141
2013,The Counselor,ok,PASS,70373715
2013,The Croods,men,FAIL,573068425
2013,The Family,men,FAIL,51078541
2013,The Fifth Estate,notalk,FAIL,6154172
2013,The Frozen Ground,nowomen,FAIL,0
2013,The Great Gatsby,dubious,FAIL,351040419
2013,The Hangover part 3,men,FAIL,362000072
2013,The Heat,ok,PASS,230781587
2013,The Hobbit: The Desolation of Smaug,notalk,FAIL,937397516
2013,The Host,dubious,FAIL,58188384
2013,The Hunger Games: Catching Fire,ok,PASS,857088260
2013,The Incredible Burt Wonderstone,notalk,FAIL,24255957
2013,The Internship,notalk,FAIL,93672764
2013,The Last Exorcism Part II,ok,PASS,18541236
2013,The Lone Ranger,notalk,FAIL,259989910
2013,The Mortal Instruments: City of Bones,ok,PASS,75965567
2013,The Purge,dubious,FAIL,91100541
2013,The Smurfs 2,ok,PASS,348545841
2013,The To Do List,ok,PASS,3491669
2013,The Way Way Back,ok,PASS,26161443
2013,The Wolf of Wall Street,notalk,FAIL,365702857
2013,The Wolverine,ok,PASS,416456852
2013,The World&#39;s End,men,FAIL,46578821
2013,This Is the End,notalk,FAIL,126294264
2013,Thor: The Dark World,dubious,FAIL,631674790
2013,Trance,nowomen,FAIL,22594052
2013,Turbo,dubious,FAIL,283828130
2013,Warm Bodies,men,FAIL,116643610
2013,We&#39;re the Millers,ok,PASS,270000119
2013,White House Down,men,FAIL,205440387
2013,World War Z,dubious,FAIL,539559711
2012,Abraham Lincoln: Vampire Hunter,dubious,FAIL,116804318
2012,Act of Valor,nowomen,FAIL,83704673
2012,Amour,dubious,FAIL,26295088
2012,Anna Karenina,men,FAIL,71771007
2012,Argo,ok,PASS,224540219
2012,Battleship,notalk,FAIL,308594933
2012,Beasts of the Southern Wild,dubious,FAIL,21388640
2012,Blue Like Jazz,ok,PASS,603728
2012,Brave,ok,PASS,562725176
2012,Bullet to the Head,nowomen,FAIL,13760036
2012,Chernobyl Diaries,notalk,FAIL,38951995
2012,Chronicle,notalk,FAIL,128935373
2012,Cloud Atlas,ok,PASS,127863295
2012,Contraband,ok,PASS,99847390
2012,Django Unchained,notalk,FAIL,431600549
2012,Flight,dubious,FAIL,164140491
2012,Frankenweenie,nowomen,FAIL,82338719
2012,Hannibal,ok,PASS,355225246
2012,Hotel Transylvania,ok,PASS,364480509
2012,Jack Reacher,notalk,FAIL,220552732
2012,Jagten,men,FAIL,697244
2012,John Carter,ok,PASS,286917566
2012,Killing Them Softly,nowomen,FAIL,37783896
2012,Les Miserables,ok,PASS,448493475
2012,Life of Pi,notalk,FAIL,616887080
2012,Lincoln,ok,PASS,276997302
2012,Madagascar 3: Europe&#39;s Most Wanted,men,FAIL,757855127
2012,Men in Black III,notalk,FAIL,633967639
2012,Mirror Mirror,dubious,FAIL,171080229
2012,Moonrise Kingdom,ok,PASS,64949517
2012,Much Ado About Nothing,dubious,FAIL,22879428
2012,One for the Money,ok,PASS,36727096
2012,Paranormal Activity 4,ok,PASS,144884139
2012,ParaNorman,notalk,FAIL,109742304
2012,Parental Guidance,ok,PASS,121927729
2012,People Like Us,ok,PASS,12613776
2012,Pitch Perfect,ok,PASS,117019460
2012,Premium Rush,ok,PASS,31852752
2012,Red Dawn,notalk,FAIL,48869204
2012,Red Tails,men,FAIL,51102777
2012,Rise of the Guardians,notalk,FAIL,311393491
2012,Rock of Ages,ok,PASS,50852278
2012,Safe,notalk,FAIL,42102643
2012,Safety Not Guaranteed,ok,PASS,4477791
2012,Seven Psychopaths,notalk,FAIL,23836212
2012,Silent Hill: Revelation 3D,ok,PASS,48646439
2012,Silver Linings Playbook,ok,PASS,230644998
2012,Sinister,men,FAIL,89012016
2012,Skyfall,dubious,FAIL,1124923772
2012,Snow White and the Huntsman,ok,PASS,406779965
2012,Sparkle,ok,PASS,25021315
2012,Spring Breakers,ok,PASS,31118489
2012,Step Up Revolution,ok,PASS,167975738
2012,Supporting Characters,men,FAIL,4989
2012,Ted,men,FAIL,557487654
2012,That&#39;s My Boy,notalk,FAIL,58908258
2012,The Amazing Spider-Man,men,FAIL,768984693
2012,The Avengers,notalk,FAIL,49296637
2012,The Dark Knight Rises,notalk,FAIL,1095143990
2012,The Devil Inside,ok,PASS,103248087
2012,The Dictator,notalk,FAIL,182005391
2012,The Expendables 2,ok,PASS,316546185
2012,The Grey,nowomen,FAIL,85574308
2012,The Hobbit: An Unexpected Journey,nowomen,FAIL,1029557373
2012,The Hunger Games,ok,PASS,694530947
2012,The Impossible,men,FAIL,172073169
2012,The Man with the Iron Fists,notalk,FAIL,22306925
2012,The Master,notalk,FAIL,25484413
2012,The Pirates! Band of Misfits,notalk,FAIL,124857587
2012,The Place Beyond the Pines,notalk,FAIL,47699629
2012,The Twilight Saga: Breaking Dawn - Part 2,dubious,FAIL,844848985
2012,The Vow,ok,PASS,200511006
2012,The Watch,men,FAIL,68338951
2012,The Woman in Black,notalk,FAIL,130843627
2012,The Words,notalk,FAIL,12310182
2012,Think Like a Man,ok,PASS,97562697
2012,To Rome With Love,men,FAIL,75452356
2012,Total Recall,notalk,FAIL,201523449
2012,Underworld: Awakening,ok,PASS,162727662
2012,Wanderlust,ok,PASS,24513601
2012,What to Expect When You&#39;re Expecting,ok,PASS,81832836
2012,Won&#39;t Back Down,ok,PASS,5510995
2012,Wrath of the Titans,notalk,FAIL,306390492
2012,Wreck-It Ralph,ok,PASS,480342759
2012,Zero Dark Thirty,ok,PASS,139736750
2011,30 Minutes or Less,notalk,FAIL,42428850
2011,50/50,men,FAIL,42810004
2011,A Dangerous Method,dubious,FAIL,15336023
2011,A Lonely Place to Die,ok,PASS,458345
2011,A Very Harold &amp; Kumar 3D Christmas,notalk,FAIL,37560098
2011,Another Earth,ok,PASS,1844766
2011,Apollo 18,nowomen,FAIL,27464261
2011,Arthur Christmas,notalk,FAIL,152893489
2011,Attack the Block,ok,PASS,5599381
2011,Bad Teacher,ok,PASS,224136189
2011,Battle: Los Angeles,notalk,FAIL,219571833
2011,Beastly,notalk,FAIL,39385487
2011,Blackthorn,notalk,FAIL,1294370
2011,Bridesmaids,ok,PASS,299587165
2011,Captain America: The First Avenger,notalk,FAIL,383795703
2011,Cars 2,men,FAIL,580147769
2011,Circumstance,ok,PASS,470329
2011,Colombiana,notalk,FAIL,74257040
2011,Conan the Barbarian,dubious,FAIL,81937729
2011,Contagion,ok,PASS,142460919
2011,Coriolanus,men,FAIL,1087104
2011,Cowboys &amp; Aliens,notalk,FAIL,182188693
2011,Detention,ok,PASS,0
2011,Diary of a Wimpy Kid: Rodrick Rules,notalk,FAIL,76325433
2011,Dolphin Tale,men,FAIL,99497492
2011,Dream House,ok,PASS,41357557
2011,Drive,dubious,FAIL,80840663
2011,Fast Five,ok,PASS,652320815
2011,Final Destination 5,men,FAIL,163522777
2011,Footloose,ok,PASS,65676025
2011,Fright Night,dubious,FAIL,41966863
2011,Green Lantern,notalk,FAIL,239452924
2011,Hall Pass,men,FAIL,86680344
2011,Hanna,ok,PASS,67675862
2011,Harry Potter and the Deathly Hallows: Part 2,notalk,FAIL,1375512553
2011,Haywire,nowomen,FAIL,22967676
2011,Hesher,notalk,FAIL,396614
2011,Higher Ground,ok,PASS,889847
2011,Hobo with a Shotgun,nowomen,FAIL,864753
2011,Hop,men,FAIL,191524428
2011,Horrible Bosses,ok,PASS,222195609
2011,Hugo,dubious,FAIL,191637196
2011,I Am Number Four,notalk,FAIL,151193038
2011,Immortals,men,FAIL,219113265
2011,In Time,notalk,FAIL,176134406
2011,Iris,ok,PASS,15695916
2011,Jin ling shi san chai,ok,PASS,97066426
2011,Johnny English Reborn,dubious,FAIL,170412210
2011,Jumping the Broom,ok,PASS,39520511
2011,Just Go with It,dubious,FAIL,222647578
2011,Kill List,dubious,FAIL,478703
2011,Killer Elite,nowomen,FAIL,59839216
2011,Kung Fu Panda 2,ok,PASS,688566122
2011,Le Havre,dubious,FAIL,13961315
2011,Like Crazy,ok,PASS,3864669
2011,Limitless,notalk,FAIL,175797590
2011,Margaret,ok,PASS,48869
2011,Margin Call,notalk,FAIL,18510079
2011,Mars Needs Moms,dubious,FAIL,40961320
2011,Martha Marcy May Marlene,ok,PASS,3657064
2011,Melancholia,ok,PASS,18688080
2011,Midnight in Paris,ok,PASS,160342190
2011,Mission: Impossible - Ghost Protocol,notalk,FAIL,719508092
2011,Moneyball,notalk,FAIL,115142275
2011,Mr. Popper&#39;s Penguins,notalk,FAIL,196392298
2011,New Year&#39;s Eve,ok,PASS,148791377
2011,No Strings Attached,ok,PASS,154554145
2011,October Baby,ok,PASS,5547001
2011,Our Idiot Brother,ok,PASS,26784257
2011,Paranormal Activity 3,ok,PASS,214429259
2011,Paul,ok,PASS,103755310
2011,Pirates of the Caribbean: On Stranger Tides,notalk,FAIL,1080913060
2011,Priest,notalk,FAIL,87157549
2011,Puss in Boots,notalk,FAIL,574795417
2011,Rango,notalk,FAIL,254266825
2011,Real Steel,notalk,FAIL,303703179
2011,Red Riding Hood,ok,PASS,93523336
2011,Red State,ok,PASS,1103455
2011,Restless,ok,PASS,2918985
2011,Rio,notalk,FAIL,504919774
2011,Rise of the Planet of the Apes,notalk,FAIL,500093845
2011,Shame,notalk,FAIL,11166495
2011,Snow Flower and the Secret Fan,ok,PASS,11753231
2011,Soul Surfer,ok,PASS,48841781
2011,Source Code,notalk,FAIL,145440503
2011,Straw Dogs,ok,PASS,11655479
2011,Sucker Punch,ok,PASS,92961937
2011,Super 8,ok,PASS,269379017
2011,Take Shelter,ok,PASS,3240628
2011,The Adjustment Bureau,dubious,FAIL,132354553
2011,The Adventures of Tintin,notalk,FAIL,387342089
2011,The Artist,notalk,FAIL,132834295
2011,The Best Exotic Marigold Hotel,ok,PASS,139537943
2011,The Cabin in the Woods,dubious,FAIL,73293915
2011,The Darkest Hour,ok,PASS,65074228
2011,The Divide,ok,PASS,18642
2011,The Future,ok,PASS,588958
2011,The Girl with the Dragon Tattoo,notalk,FAIL,241492267
2011,The Green Hornet,notalk,FAIL,236120048
2011,The Guard,notalk,FAIL,16513705
2011,The Help,ok,PASS,220726425
2011,The Iron Lady,ok,PASS,119717677
2011,The Lincoln Lawyer,notalk,FAIL,90255363
2011,The Mechanic,nowomen,FAIL,79072292
2011,The Muppets,notalk,FAIL,166717137
2011,The Rite,dubious,FAIL,99475649
2011,The Roommate,ok,PASS,41942847
2011,The Smurfs,ok,PASS,583162839
2011,The Three Musketeers,men,FAIL,144870266
2011,The Tree of Life,nowomen,FAIL,64529403
2011,The Twilight Saga: Breaking Dawn - Part 1,ok,PASS,735276926
2011,Thor,ok,PASS,465363438
2011,Tinker Tailor Soldier Spy,notalk,FAIL,84359926
2011,Tower Heist,notalk,FAIL,158947830
2011,Transformers: Dark of the Moon,ok,PASS,1163903170
2011,War Horse,notalk,FAIL,162412399
2011,Warrior,notalk,FAIL,25079651
2011,We Bought a Zoo,men,FAIL,123169061
2011,Weekend,notalk,FAIL,1633890
2011,What&#39;s Your Number,ok,PASS,31807187
2011,Winnie the Pooh,nowomen,FAIL,51935343
2011,X-Men: First Class,ok,PASS,368093107
2011,Young Adult,ok,PASS,23562334
2011,Your Sister&#39;s Sister,ok,PASS,3200899
2010,127 Hours,dubious,FAIL,64879307
2010,Alice in Wonderland,ok,PASS,1094287202
2010,Animal Kingdom,notalk,FAIL,8629906
2010,Another Year,ok,PASS,19768384
2010,Barney&#39;s Version,ok,PASS,9449125
2010,Beginners,notalk,FAIL,12353318
2010,Biutiful,notalk,FAIL,26813941
2010,Black Swan,ok,PASS,353869648
2010,Blue Valentine,men,FAIL,17696585
2010,Burlesque,ok,PASS,95774887
2010,Casino Jack,notalk,FAIL,2222851
2010,Centurion,notalk,FAIL,7075508
2010,Charlie St. Cloud,notalk,FAIL,51785833
2010,Clash of the Titans,dubious,FAIL,526867848
2010,Conviction,ok,PASS,10824983
2010,Cop Out,notalk,FAIL,59724746
2010,Country Strong,ok,PASS,21953741
2010,Cyrus,notalk,FAIL,10724926
2010,Date Night,ok,PASS,162658630
2010,Dear John,nowomen,FAIL,118960872
2010,Despicable Me,ok,PASS,580578700
2010,Devil,ok,PASS,67676882
2010,Diary of a Wimpy Kid,ok,PASS,82205045
2010,Dinner for Schmucks,notalk,FAIL,92718787
2010,Don&#39;t Be Afraid of the Dark,ok,PASS,33703834
2010,Due Date,notalk,FAIL,226186388
2010,Dylan Dog: Dead of Night,nowomen,FAIL,6506276
2010,Easy A,ok,PASS,81400037
2010,"Eat, Pray, Love",ok,PASS,219892171
2010,Edge of Darkness,notalk,FAIL,86749716
2010,Everything Must Go,notalk,FAIL,2897185
2010,Fair Game,ok,PASS,27878177
2010,Faster,nowomen,FAIL,38091703
2010,For Colored Girls,ok,PASS,40611902
2010,Frozen,notalk,FAIL,1073092418
2010,Get Him To The Greek,notalk,FAIL,97696078
2010,Going the Distance,ok,PASS,42718768
2010,Green Zone,nowomen,FAIL,104177195
2010,Grown Ups,ok,PASS,290797736
2010,Gunless,men,FAIL,489308
2010,Harry Potter and the Deathly Hallows: Part 1,ok,PASS,1021656625
2010,Hot Tub Time Machine,notalk,FAIL,67522890
2010,How to Train Your Dragon,ok,PASS,528636950
2010,I Am Love,ok,PASS,16164710
2010,Inception,dubious,FAIL,889393184
2010,Insidious,ok,PASS,106685260
2010,Iron Man 2,ok,PASS,666108069
2010,It&#39;s Kind of a Funny Story,notalk,FAIL,7080589
2010,Kick-Ass,notalk,FAIL,104182018
2010,Knight and Day,men,FAIL,280028482
2010,Legion,ok,PASS,73552139
2010,Let Me In,notalk,FAIL,30199340
2010,Letters to Juliet,dubious,FAIL,84535576
2010,Love and Other Drugs,men,FAIL,109728398
2010,Machete,ok,PASS,47356808
2010,Made In Dagenham,ok,PASS,16711628
2010,Meek&#39;s Cutoff,men,FAIL,1997517
2010,Megamind,nowomen,FAIL,343850165
2010,Monsters,nowomen,FAIL,6024539
2010,Morning Glory,ok,PASS,64137680
2010,Nanny McPhee and the Big Bang,ok,PASS,104472930
2010,Never Let Me Go,ok,PASS,12294827
2010,Paranormal Activity 2,ok,PASS,189624005
2010,Percy Jackson &amp; the Olympians: The Lightning Thief,dubious,FAIL,241919399
2010,Please Give,ok,PASS,4882010
2010,Predators,nowomen,FAIL,135915826
2010,Prince of Persia: The Sands of Time,nowomen,FAIL,357921415
2010,Rabbit Hole,ok,PASS,6238038
2010,Ramona and Beezus,ok,PASS,29343924
2010,Red,men,FAIL,209843135
2010,Remember Me,ok,PASS,60361637
2010,Repo Men,ok,PASS,19436733
2010,Robin Hood,dubious,FAIL,344460978
2010,Salt,ok,PASS,315890541
2010,Scott Pilgrim vs. the World,ok,PASS,51371013
2010,Secretariat,ok,PASS,64495830
2010,Sex and the city 2,ok,PASS,314787390
2010,Shrek Forever After,notalk,FAIL,807844640
2010,Shutter Island,notalk,FAIL,317084404
2010,Skyline,dubious,FAIL,84062765
2010,Somewhere,dubious,FAIL,15367204
2010,Submarine,notalk,FAIL,4894571
2010,Super,notalk,FAIL,553731
2010,Takers,notalk,FAIL,75403567
2010,Tangled,ok,PASS,626605502
2010,The A-Team,nowomen,FAIL,189334662
2010,The Back-up Plan,ok,PASS,80417752
2010,The Chronicles of Narnia: The Voyage of the Dawn Treader,ok,PASS,446720616
2010,The Conspirator,dubious,FAIL,16992803
2010,The Crazies,ok,PASS,58705899
2010,The Debt,ok,PASS,49783934
2010,The Expendables,notalk,FAIL,286572606
2010,The Fighter,men,FAIL,138082199
2010,The Ghost Writer,men,FAIL,70003894
2010,The Illusionist,nowomen,FAIL,89509349
2010,The Karate Kid,dubious,FAIL,383593100
2010,The Kids Are All Right,ok,PASS,38750611
2010,The Killer Inside Me,notalk,FAIL,3864090
2010,The King&#39;s Speech,ok,PASS,460216888
2010,The Last Airbender,notalk,FAIL,341528548
2010,The Last Exorcism,ok,PASS,74953449
2010,The Losers,notalk,FAIL,28536765
2010,The Next Three Days,ok,PASS,71844911
2010,The Other Guys,nowomen,FAIL,182599780
2010,The Runaways,ok,PASS,5638803
2010,The Social Network,notalk,FAIL,240268986
2010,The Sorcerer&#39;s Apprentice,notalk,FAIL,229831139
2010,The Spy Next Door,ok,PASS,54462053
2010,The Switch,men,FAIL,53260400
2010,The Tempest,ok,PASS,296908
2010,The Tourist,nowomen,FAIL,297749724
2010,The Town,notalk,FAIL,162976800
2010,The Twilight Saga: Eclipse,ok,PASS,747325041
2010,The Wolfman,notalk,FAIL,152366563
2010,Tiny Furniture,ok,PASS,453089
2010,Toy Story 3,dubious,FAIL,1136341723
2010,Tron Legacy,notalk,FAIL,424689202
2010,True Grit,ok,PASS,269490247
2010,Tucker and Dale vs Evil,ok,PASS,5850485
2010,Unstoppable,dubious,FAIL,181077698
2010,Valentine&#39;s Day,ok,PASS,232414484
2010,Wall Street: Money Never Sleeps,dubious,FAIL,146808831
2010,Welcome to the Rileys,ok,PASS,334204
2010,Wild Target,notalk,FAIL,116798
2010,Winter&#39;s Bone,ok,PASS,17232238
2010,Womb,ok,PASS,0
2010,Yogi Bear,nowomen,FAIL,216086548
2010,You Again,ok,PASS,35079607
2010,You Will Meet a Tall Dark Stranger,ok,PASS,36584608
2009,(500) Days of Summer,notalk,FAIL,66015966
2009,17 Again,ok,PASS,151432312
2009,2012,notalk,FAIL,856000062
2009,9,nowomen,FAIL,52723125
2009,A Perfect Getaway,dubious,FAIL,24771466
2009,A Serious Man,men,FAIL,32963430
2009,A Single Man,notalk,FAIL,30555070
2009,Adam,men,FAIL,3071090
2009,Adventureland,men,FAIL,18613810
2009,Agora,notalk,FAIL,42335163
2009,Ajami,men,FAIL,675172
2009,All About Steve,ok,PASS,43567433
2009,An Education,ok,PASS,32194912
2009,Angels &amp; Demons,nowomen,FAIL,532959416
2009,Armored,nowomen,FAIL,25689537
2009,Astro Boy,dubious,FAIL,47873178
2009,Avatar,men,FAIL,3022588801
2009,Away We Go,ok,PASS,10974592
2009,Br&uuml;no,nowomen,FAIL,142000928
2009,Bride Wars,ok,PASS,125022454
2009,Bright Star,ok,PASS,18740466
2009,Brooklyn&#39;s Finest,notalk,FAIL,42596761
2009,Brothers,ok,PASS,48905553
2009,Capitalism: A Love Story,notalk,FAIL,20760850
2009,Case 39,ok,PASS,31814980
2009,Chloe,men,FAIL,10504640
2009,Cloudy with a Chance of Meatballs,notalk,FAIL,257131292
2009,Coco avant Chanel,ok,PASS,55170185
2009,Coraline,ok,PASS,136842415
2009,Daybreakers,notalk,FAIL,55808316
2009,Dead Snow,men,FAIL,2382117
2009,District 9,notalk,FAIL,233645777
2009,Drag Me to Hell,ok,PASS,99223368
2009,Enter the Void,notalk,FAIL,366974
2009,Everybody&#39;s Fine,men,FAIL,9998368
2009,Fantastic Mr. Fox,notalk,FAIL,50485349
2009,Fast &amp; Furious,notalk,FAIL,394190344
2009,Fired Up!,notalk,FAIL,20203912
2009,Fish Tank,ok,PASS,6430020
2009,Friday the 13th,men,FAIL,99562425
2009,Funny People,notalk,FAIL,78042718
2009,G-Force,notalk,FAIL,312028062
2009,G.I. Joe: The Rise of Cobra,notalk,FAIL,328400169
2009,Gamer,notalk,FAIL,38068663
2009,Get Low,notalk,FAIL,10528267
2009,Harry Brown,notalk,FAIL,6833747
2009,Harry Potter and the Half-Blood Prince,ok,PASS,1014525504
2009,He&#39;s Just Not That Into You,ok,PASS,193683923
2009,I Come with the Rain,nowomen,FAIL,681212
2009,I Love You Phillip Morris,notalk,FAIL,16443063
2009,"I Love You, Man",men,FAIL,99593620
2009,Ice Age: Dawn of the Dinosaurs,notalk,FAIL,963009937
2009,Inglourious Basterds,dubious,FAIL,344146212
2009,Invictus,notalk,FAIL,135164207
2009,It&#39;s Complicated,ok,PASS,243871325
2009,Jennifer&#39;s Body,ok,PASS,35646920
2009,Julie &amp; Julia,ok,PASS,137503693
2009,Knowing,notalk,FAIL,203964063
2009,Law Abiding Citizen,notalk,FAIL,142404318
2009,Life During Wartime,ok,PASS,305576
2009,Micmacs (Micmacs &agrave; tire-larigot),dubious,FAIL,12764862
2009,Monsters vs Aliens,dubious,FAIL,414410048
2009,Moon,notalk,FAIL,11591350
2009,Mother and Child,ok,PASS,5440068
2009,My Bloody Valentine 3D,men,FAIL,111564348
2009,My Sister&#39;s Keeper,ok,PASS,104960933
2009,Nine,men,FAIL,58096258
2009,Ninja Assassin,notalk,FAIL,66905911
2009,Nowhere Boy,dubious,FAIL,8452669
2009,Ondine,ok,PASS,597665
2009,Paa,men,FAIL,10630704
2009,Pandorum,notalk,FAIL,18493734
2009,Perrier&#39;s Bounty,nowomen,FAIL,899
2009,Planet 51,notalk,FAIL,118340524
2009,Precious: Based on the Novel Push by Sapphire,ok,PASS,74614567
2009,Public Enemies,notalk,FAIL,228416195
2009,Push,ok,PASS,48218998
2009,Sherlock Holmes,notalk,FAIL,541170116
2009,Splice,ok,PASS,24386618
2009,Star Trek,ok,PASS,418745446
2009,State of Play,ok,PASS,99285148
2009,Surrogates,notalk,FAIL,129927709
2009,Terminator Salvation,men,FAIL,403488847
2009,The Blind Side,men,FAIL,331914441
2009,The Boat That Rocked,nowomen,FAIL,40685241
2009,The Boondock Saints II: All Saints Day,nowomen,FAIL,11153924
2009,The Box,ok,PASS,28600229
2009,The City of Your Final Destination,ok,PASS,1469316
2009,The Final Destination,ok,PASS,203449410
2009,The Fourth Kind,ok,PASS,53729463
2009,The Girl with the Dragon Tattoo,dubious,FAIL,253160295
2009,The Girlfriend Experience,dubious,FAIL,1092072
2009,The Good Guy,ok,PASS,109320
2009,The Hangover,notalk,FAIL,509809040
2009,The Imaginarium of Doctor Parnassus,notalk,FAIL,69869659
2009,The Informant!,notalk,FAIL,45352277
2009,The Invention of Lying,men,FAIL,35480909
2009,The Last Station,ok,PASS,17041802
2009,The Lovely Bones,ok,PASS,103029901
2009,The Men Who Stare at Goats,nowomen,FAIL,73122088
2009,The Messenger,notalk,FAIL,1530512
2009,The Princess and the Frog,ok,PASS,294230416
2009,The Proposal,men,FAIL,341690283
2009,The Road,notalk,FAIL,29981685
2009,The Secret of Kells,nowomen,FAIL,2823897
2009,The Soloist,notalk,FAIL,41750888
2009,The Taking of Pelham 123,nowomen,FAIL,165426811
2009,The Time Traveler&#39;s Wife,dubious,FAIL,107125483
2009,The Ugly Truth,men,FAIL,222824741
2009,The Unborn,ok,PASS,84913778
2009,The Young Victoria,ok,PASS,34611919
2009,Transformers: Revenge of the Fallen,ok,PASS,908235868
2009,Up,notalk,FAIL,794258938
2009,Up in the Air,men,FAIL,181146433
2009,Veronika Decides to Die,ok,PASS,0
2009,Watchmen,men,FAIL,199848831
2009,Whatever Works,dubious,FAIL,38116460
2009,Where the Wild Things Are,notalk,FAIL,107621685
2009,Whip It,ok,PASS,20472719
2009,Whiteout,ok,PASS,13305365
2009,X-Men Origins: Wolverine,dubious,FAIL,406960171
2009,Yesterday Was a Lie,ok,PASS,0
2009,Youth in Revolt,notalk,FAIL,21373265
2009,Zombieland,ok,PASS,111001503
2008,21,ok,PASS,170836899
2008,Appaloosa,notalk,FAIL,30016892
2008,Australia,men,FAIL,232772564
2008,Baby Mama,ok,PASS,69688090
2008,Be Kind Rewind,notalk,FAIL,33435494
2008,Bedtime Stories,ok,PASS,236319281
2008,Blindness,ok,PASS,21702440
2008,Bolt,ok,PASS,339778437
2008,Burn After Reading,notalk,FAIL,176857711
2008,Changeling,ok,PASS,123166807
2008,Che: Part One,notalk,FAIL,32595998
2008,City of Ember,ok,PASS,12789087
2008,Cloverfield,ok,PASS,184810452
2008,Day of the Dead,ok,PASS,0
2008,Death Race,notalk,FAIL,78481785
2008,Defiance,ok,PASS,45745616
2008,"Definitely, Maybe",ok,PASS,60458935
2008,Doomsday,ok,PASS,23399667
2008,Doubt,ok,PASS,55137666
2008,Eagle Eye,notalk,FAIL,192713668
2008,Easy Virtue,ok,PASS,13697884
2008,Fireproof,men,FAIL,36226687
2008,Fly Me to the Moon,nowomen,FAIL,62280329
2008,Forgetting Sarah Marshall,ok,PASS,113824188
2008,Four Christmases,ok,PASS,176998734
2008,Frost/Nixon,notalk,FAIL,30459656
2008,Frozen River,ok,PASS,6526145
2008,Gake no ue no Ponyo,ok,PASS,222200929
2008,Ghost Town,notalk,FAIL,28801384
2008,Gran Torino,men,FAIL,297125986
2008,Hamlet 2,ok,PASS,5301200
2008,Hancock,nowomen,FAIL,675702695
2008,Herb &amp; Dorothy,ok,PASS,173580993
2008,High School Musical 3: Senior Year,ok,PASS,296963426
2008,Igor,men,FAIL,33564393
2008,In Bruges,notalk,FAIL,37374405
2008,Indiana Jones and the Kingdom of the Crystal Skull,notalk,FAIL,851257517
2008,Inkheart,ok,PASS,62826552
2008,Iron Man,men,FAIL,630352749
2008,Journey to the Center of the Earth,notalk,FAIL,260720275
2008,Jumper,notalk,FAIL,241465674
2008,Kung Fu Panda,notalk,FAIL,683889160
2008,L&aring;t den r&auml;tte komma in (Let the Right One In),notalk,FAIL,13255131
2008,Made of Honor,men,FAIL,115313044
2008,Max Payne,ok,PASS,92816237
2008,Meet Dave,notalk,FAIL,54814990
2008,Milk,notalk,FAIL,62006112
2008,Miracle at St. Anna,men,FAIL,9859851
2008,Nick and Norah&#39;s Infinite Playlist,ok,PASS,36303849
2008,Nim&#39;s Island,ok,PASS,101820495
2008,Pineapple Express,men,FAIL,109902346
2008,Pontypool,nowomen,FAIL,34541
2008,Possession,ok,PASS,16023683
2008,Prom Night,ok,PASS,61807319
2008,Quantum of Solace,notalk,FAIL,640362486
2008,Quarantine,ok,PASS,44688323
2008,Rachel Getting Married,ok,PASS,14423083
2008,Revolutionary Road,ok,PASS,86109680
2008,RocknRolla,notalk,FAIL,30080599
2008,Seven Pounds,ok,PASS,180322655
2008,Sex and the City,ok,PASS,449403966
2008,Slumdog Millionaire,notalk,FAIL,416148834
2008,Speed Racer,ok,PASS,101076746
2008,Stargate: The Ark of Truth,dubious,FAIL,0
2008,Step Brothers,notalk,FAIL,139036162
2008,Sunshine Cleaning,ok,PASS,17816707
2008,"Synecdoche, New York",dubious,FAIL,4744112
2008,Taken,ok,PASS,245608963
2008,The Bank Job,ok,PASS,71583685
2008,The Brothers Bloom,dubious,FAIL,5986778
2008,The Chronicles of Narnia: Prince Caspian,ok,PASS,453996009
2008,The Curious Case of Benjamin Button,dubious,FAIL,356938225
2008,The Dark Knight,dubious,FAIL,1085385502
2008,The Day the Earth Stood Still,ok,PASS,252238208
2008,The Eye,ok,PASS,61600619
2008,The Forbidden Kingdom,notalk,FAIL,139692526
2008,The House Bunny,ok,PASS,76014858
2008,The Hurt Locker,notalk,FAIL,53998338
2008,The Incredible Hulk,notalk,FAIL,285085699
2008,The Lucky Ones,ok,PASS,288927
2008,The Other Boleyn Girl,ok,PASS,84107503
2008,The Reader,notalk,FAIL,122315840
2008,The Secret Life of Bees,ok,PASS,43272961
2008,The Sisterhood of the Traveling Pants 2,ok,PASS,47911629
2008,The Strangers,dubious,FAIL,89883201
2008,The Tale of Despereaux,ok,PASS,97925059
2008,The Women,ok,PASS,54225162
2008,The Wrestler,notalk,FAIL,50470238
2008,Three Kingdoms: Resurrection of the Dragon,notalk,FAIL,23960711
2008,Transsiberian,ok,PASS,6904335
2008,Tropic Thunder,nowomen,FAIL,203641087
2008,Twilight,ok,PASS,430655689
2008,Valkyrie,notalk,FAIL,220674342
2008,Vicky Cristina Barcelona,ok,PASS,113100998
2008,WALL-E,notalk,FAIL,576399965
2008,Waltz with Bashir,nowomen,FAIL,12040820
2008,Wanted,notalk,FAIL,370582375
2008,"Welcome Home, Roscoe Jenkins",dubious,FAIL,47194630
2008,Wendy and Lucy,ok,PASS,1532525
2008,What Happens In Vegas,ok,PASS,236511649
2008,Yes Man,notalk,FAIL,244580160
2007,[Rec],ok,PASS,30468201
2007,1408,ok,PASS,147480104
2007,28 Weeks Later,ok,PASS,72168247
2007,3:10 to Yuma,nowomen,FAIL,79964640
2007,30 Days of Night,men,FAIL,90193752
2007,88 Minutes,notalk,FAIL,37026824
2007,Across the Universe,ok,PASS,32995262
2007,Atonement,ok,PASS,146285687
2007,Becoming Jane,ok,PASS,44228231
2007,Beowulf,ok,PASS,219085603
2007,Blades of Glory,ok,PASS,163581806
2007,Bridge to Terabithia,ok,PASS,155031909
2007,Brooklyn Rules,ok,PASS,514844
2007,Charlie Bartlett,men,FAIL,5950184
2007,Charlie Wilson&#39;s War,ok,PASS,134277795
2007,Death at a Funeral,ok,PASS,55028051
2007,Diary of the Dead,ok,PASS,6060896
2007,Disturbia,ok,PASS,132098426
2007,Eastern Promises,ok,PASS,62207616
2007,Enchanted,ok,PASS,382436383
2007,Fantastic Four: Rise of the Silver Surfer,dubious,FAIL,323822443
2007,Gone Baby Gone,ok,PASS,38896737
2007,Hairspray,ok,PASS,227935344
2007,Halloween,ok,PASS,87090800
2007,Hannibal Rising,notalk,FAIL,90538854
2007,Harry Potter and the Order of the Phoenix,ok,PASS,1059438513
2007,Hitman,nowomen,FAIL,112315914
2007,Hostel: Part II,ok,PASS,37758262
2007,Hot Fuzz,notalk,FAIL,91841386
2007,Hot Rod,notalk,FAIL,16105323
2007,I Am Legend,ok,PASS,657733649
2007,Into the Wild,notalk,FAIL,63362472
2007,Juno,ok,PASS,260044254
2007,Knocked Up,ok,PASS,246229599
2007,Lars and the real Girl,ok,PASS,11857251
2007,Live Free or Die Hard,notalk,FAIL,430914277
2007,Michael Clayton,men,FAIL,104475669
2007,Music and Lyrics,men,FAIL,162937935
2007,No Country for Old Men,dubious,FAIL,184318713
2007,No Reservations,ok,PASS,102990511
2007,Paranormal Activity,dubious,FAIL,218173082
2007,Persepolis,ok,PASS,25552185
2007,Pirates of the Caribbean: At World&#39;s End,ok,PASS,1079721346
2007,Premonition,ok,PASS,91525361
2007,Ratatouille,nowomen,FAIL,703955827
2007,Resident Evil: Extinction,ok,PASS,164220396
2007,Rush Hour 3,notalk,FAIL,284285677
2007,Shooter,notalk,FAIL,107527136
2007,Shrek the Third,ok,PASS,907071412
2007,St. Trinian&#39;s,ok,PASS,25219695
2007,Stardust,ok,PASS,152303819
2007,Sunshine,notalk,FAIL,35987783
2007,Superbad,notalk,FAIL,190848721
2007,Sydney White,ok,PASS,15321020
2007,Teeth,dubious,FAIL,2641047
2007,The Bucket List,notalk,FAIL,195845194
2007,The Golden Compass,ok,PASS,418222056
2007,The Kite Runner,nowomen,FAIL,83345293
2007,The Man from Earth,notalk,FAIL,0
2007,The Messengers,ok,PASS,60418363
2007,The Mist,ok,PASS,61544892
2007,The Number 23,notalk,FAIL,87179297
2007,The Savages,ok,PASS,11956776
2007,The Signal,men,FAIL,456495
2007,The Simpsons Movie,ok,PASS,592187212
2007,The Visitor,dubious,FAIL,21543741
2007,There Will Be Blood,nowomen,FAIL,86747344
2007,TMNT,notalk,FAIL,107968055
2007,Transformers,notalk,FAIL,795775055
2007,Tropa de Elite,ok,PASS,16088238
2007,Waitress,ok,PASS,24961971
2007,We Own the Night,nowomen,FAIL,62140782
2007,White Noise 2: The Light,notalk,FAIL,9262006
2006,300,nowomen,FAIL,524918705
2006,A Scanner Darkly,notalk,FAIL,8558769
2006,Akeelah and the Bee,ok,PASS,21913233
2006,Aquamarine,ok,PASS,26558990
2006,Bandidas,ok,PASS,21266653
2006,Black Christmas,ok,PASS,18765207
2006,Blood Diamond,notalk,FAIL,198077969
2006,"Bon Cop, Bad Cop",notalk,FAIL,14645442
2006,Borat: Cultural Learnings of America for Make Benefit Glorious Nation of Kazakhstan,notalk,FAIL,302324822
2006,Bug,ok,PASS,8098328
2006,Cars,notalk,FAIL,533594150
2006,Casino Royale,notalk,FAIL,689276488
2006,Children of Men,ok,PASS,80270290
2006,Clerks II,dubious,FAIL,29928737
2006,Crank,nowomen,FAIL,50768266
2006,Das Leben Der Anderen,nowomen,FAIL,93847250
2006,DOA: Dead or Alive,ok,PASS,8964615
2006,El laberinto del fauno (Pan's Labyrinth),ok,PASS,100602327
2006,Eragon,notalk,FAIL,288357452
2006,Fido,men,FAIL,485204
2006,Final Destination 3,ok,PASS,130371575
2006,Flushed Away,nowomen,FAIL,205345335
2006,For Your Consideration,ok,PASS,6414581
2006,Friends with Money,ok,PASS,20247613
2006,Ice Age: The Meltdown,notalk,FAIL,753462808
2006,Idlewild,ok,PASS,14643840
2006,Inside Man,dubious,FAIL,213399577
2006,Jackass Number Two,notalk,FAIL,98564824
2006,Lady in the Water,men,FAIL,84124832
2006,Last Holiday,ok,PASS,50095967
2006,Letters from Iwo Jima,notalk,FAIL,79468028
2006,Little Children,ok,PASS,17063043
2006,Little Miss Sunshine,ok,PASS,116216452
2006,London To Brighton,ok,PASS,705933
2006,Lucky Number Slevin,notalk,FAIL,64141457
2006,Man of the Year,notalk,FAIL,47783141
2006,Marie Antoinette,ok,PASS,70344622
2006,Miss Potter,ok,PASS,41482984
2006,Monster House,ok,PASS,163276310
2006,Nacho Libre,nowomen,FAIL,114766488
2006,Night at the Museum,ok,PASS,663982857
2006,Notes on a Scandal,ok,PASS,57503632
2006,Once,men,FAIL,21956864
2006,Open Season,notalk,FAIL,219487695
2006,Paris je t&#39;aime,dubious,FAIL,5614135
2006,Perfume: The Story of a Murderer,ok,PASS,154418394
2006,Pirates of the Caribbean: Dead Man&#39;s Chest,men,FAIL,1225855881
2006,Poseidon,men,FAIL,209979090
2006,Quinceanera,ok,PASS,2915828
2006,Rang De Basanti,ok,PASS,33746588
2006,Running with Scissors,ok,PASS,10063173
2006,She&#39;s the Man,men,FAIL,63891969
2006,Sherrybaby,dubious,FAIL,719837
2006,Shortbus,ok,PASS,2294593
2006,Silent Hill,ok,PASS,115559561
2006,Slither,ok,PASS,14944843
2006,Smokin&#39; Aces,dubious,FAIL,64779219
2006,Snakes on a Plane,ok,PASS,71683430
2006,Southland Tales,ok,PASS,421411
2006,Stick It,ok,PASS,35135878
2006,Stranger Than Fiction,ok,PASS,52282667
2006,Superman Returns,notalk,FAIL,451770741
2006,Take the Lead,ok,PASS,75578093
2006,The Ant Bully,men,FAIL,57340095
2006,The Break Up,notalk,FAIL,234562168
2006,The Da Vinci Code,notalk,FAIL,887444081
2006,The Dead Girl,ok,PASS,22971
2006,The Departed,notalk,FAIL,335803963
2006,The Devil Wears Prada,ok,PASS,377426561
2006,The Fountain,dubious,FAIL,17870505
2006,The Grudge 2,ok,PASS,81765471
2006,The History Boys,notalk,FAIL,15517247
2006,The Holiday,ok,PASS,237158227
2006,The Host,ok,PASS,67253922
2006,The Illusionist,nowomen,FAIL,96846559
2006,The Lake House,dubious,FAIL,132720223
2006,The Painted Veil,dubious,FAIL,17474248
2006,The Prestige,notalk,FAIL,124705810
2006,The Pursuit of Happyness,nowomen,FAIL,355205844
2006,The Queen,dubious,FAIL,148965821
2006,The Wind That Shakes the Barley,notalk,FAIL,29669493
2006,Ultraviolet,notalk,FAIL,23950486
2006,Volver,ok,PASS,98936014
2006,We Are Marshall,notalk,FAIL,50329573
2006,When a Stranger Calls,ok,PASS,77374176
2006,Wristcutters: A Love Story,notalk,FAIL,531824
2006,X-Men: The Last Stand,ok,PASS,530926095
2006,"You, Me and Dupree",notalk,FAIL,150718167
2006,Zoom,ok,PASS,14454606
2006,Zwartboek,ok,PASS,31481990
2005,AEon Flux,ok,PASS,57209924
2005,Assault on Precinct 13,ok,PASS,42997982
2005,Batman Begins,notalk,FAIL,445357804
2005,Beauty Shop,ok,PASS,45754431
2005,Bewitched,ok,PASS,156477397
2005,BloodRayne,dubious,FAIL,4301386
2005,Boogeyman,men,FAIL,80163307
2005,Boynton Beach Club,ok,PASS,3731178
2005,Brick,notalk,FAIL,4876515
2005,Brokeback Mountain,notalk,FAIL,207704444
2005,Capote,dubious,FAIL,59561080
2005,Charlie and the Chocolate Factory,ok,PASS,566045396
2005,Chinjeolhan geumjassi,ok,PASS,28002720
2005,Cinderella Man,men,FAIL,129491710
2005,Coach Carter,ok,PASS,91469619
2005,Constantine,notalk,FAIL,275453129
2005,Conversations with Other Women,nowomen,FAIL,1084540
2005,Corpse Bride,dubious,FAIL,136925192
2005,Cursed,ok,PASS,29962909
2005,Danny the dog,notalk,FAIL,58503506
2005,Dark Water,ok,PASS,59023039
2005,Dear Wendy,notalk,FAIL,532615
2005,Domino,ok,PASS,27403019
2005,Doom,notalk,FAIL,65154327
2005,Fantastic Four,notalk,FAIL,394556433
2005,Flightplan,ok,PASS,269275914
2005,Fun with Dick and Jane,ok,PASS,240751838
2005,"Good Night, and Good Luck.",notalk,FAIL,67510048
2005,Hard Candy,ok,PASS,9862884
2005,Harry Potter and the Goblet of Fire,notalk,FAIL,1070044630
2005,Herbie Fully Loaded,ok,PASS,171928818
2005,Hide and Seek,ok,PASS,146862958
2005,Hitch,men,FAIL,437585770
2005,Hoodwinked!,ok,PASS,131046803
2005,Hostel,notalk,FAIL,98116369
2005,Hustle &amp; Flow,dubious,FAIL,28112307
2005,Ice Princess,ok,PASS,30699527
2005,Jarhead,nowomen,FAIL,115661627
2005,Junebug,ok,PASS,4244757
2005,Just Like Heaven,ok,PASS,120123026
2005,King Kong,nowomen,FAIL,656785445
2005,Kingdom of Heaven,nowomen,FAIL,261099301
2005,Kiss Kiss Bang Bang,notalk,FAIL,15635698
2005,Lord of War,men,FAIL,74138215
2005,Madagascar,nowomen,FAIL,663994001
2005,Man of the House,ok,PASS,26365681
2005,Match Point,ok,PASS,104974897
2005,Me and You and Everyone We Know,ok,PASS,10051933
2005,Memoirs of a Geisha,ok,PASS,192687798
2005,MirrorMask,ok,PASS,1149158
2005,Miss Congeniality 2: Armed &amp; Fabulous,ok,PASS,120952557
2005,Mr. &amp; Mrs. Smith,men,FAIL,570671028
2005,Munich,notalk,FAIL,155427270
2005,North Country,ok,PASS,30093356
2005,Oliver Twist,notalk,FAIL,31819291
2005,Pride and Prejudice,ok,PASS,144259786
2005,Proof,ok,PASS,9883481
2005,Red Eye,ok,PASS,114001241
2005,Rent,ok,PASS,37784099
2005,Robots,notalk,FAIL,311023751
2005,Saw II,dubious,FAIL,182444702
2005,Serenity,ok,PASS,45949095
2005,Shopgirl,men,FAIL,14028182
2005,Sin City,ok,PASS,189398567
2005,Sisters in Law,ok,PASS,39742
2005,Sky High,ok,PASS,97384257
2005,Son of the Mask,notalk,FAIL,71484662
2005,Star Wars: Episode III - Revenge of the Sith,notalk,FAIL,1012883787
2005,Stealth,notalk,FAIL,91167710
2005,Strangers with Candy,ok,PASS,2478937
2005,Thank You for Smoking,notalk,FAIL,47741203
2005,The 40 Year Old Virgin,men,FAIL,211596412
2005,The Adventures of Sharkboy and Lavagirl 3-D,notalk,FAIL,82827477
2005,The Amityville Horror,ok,PASS,130250195
2005,The Ballad of Jack and Rose,ok,PASS,1343663
2005,"The Chronicles of Narnia: The Lion, the Witch and the Wardrobe",ok,PASS,893351507
2005,The Constant Gardener,ok,PASS,96730885
2005,The Descent,ok,PASS,68038213
2005,The Devil&#39;s Rejects,ok,PASS,24982624
2005,The Exorcism of Emily Rose,ok,PASS,172497916
2005,The Fog,ok,PASS,44200119
2005,The Hitchhiker&#39;s Guide to the Galaxy,notalk,FAIL,124098247
2005,The Island,ok,PASS,194486964
2005,The Jacket,men,FAIL,18435915
2005,The Legend of Zorro,notalk,FAIL,168784763
2005,The New World,dubious,FAIL,31238857
2005,The Ring Two,ok,PASS,193201845
2005,The Skeleton Key,ok,PASS,110065560
2005,The Squid and the Whale,men,FAIL,13351738
2005,The Wedding Date,ok,PASS,56281383
2005,Transamerica,ok,PASS,19748472
2005,Tristram Shandy: A Cock and Bull Story,men,FAIL,3652785
2005,V for Vendetta,ok,PASS,154177511
2005,Waiting...,ok,PASS,22277835
2005,Walk the Line,ok,PASS,223941260
2005,War of the Worlds,notalk,FAIL,723976090
2005,Water,ok,PASS,9686481
2005,White Noise,notalk,FAIL,109871622
2005,"Yours, Mine and Ours",ok,PASS,86327778
2005,Zathura: A Space Adventure,nowomen,FAIL,69846769
2004,13 Going on 30,ok,PASS,118928779
2004,2046,ok,PASS,23680825
2004,50 First Dates,men,FAIL,242105970
2004,A Cinderella Story,ok,PASS,86407246
2004,A Home at the End of The World,dubious,FAIL,1274887
2004,A Very Long Engagement,ok,PASS,73506419
2004,Anchorman: The Legend of Ron Burgundy,men,FAIL,110205951
2004,Around the World in 80 Days,notalk,FAIL,88795016
2004,AVP: Alien vs. Predator,dubious,FAIL,212779439
2004,Banlieue 13,nowomen,FAIL,13821985
2004,Before Sunset,nowomen,FAIL,13927421
2004,Bridget Jones: The Edge of Reason,ok,PASS,325432881
2004,Catwoman,ok,PASS,101301096
2004,Cellular,ok,PASS,75811746
2004,Closer,ok,PASS,142404808
2004,Collateral,nowomen,FAIL,268429281
2004,Connie and Carla,ok,PASS,9924151
2004,Crash,ok,PASS,124765870
2004,D.E.B.S.,ok,PASS,119364
2004,Dawn of the Dead,ok,PASS,127577349
2004,Dodgeball: A True Underdog Story,ok,PASS,206919534
2004,Ella Enchanted,ok,PASS,28256983
2004,Eternal Sunshine of the Spotless Mind,men,FAIL,90014995
2004,Eulogy,ok,PASS,86973
2004,Finding Neverland,ok,PASS,141861709
2004,Flight of the Phoenix,nowomen,FAIL,41939879
2004,Garden State,ok,PASS,44430462
2004,Harold and Kumar Go to White Castle,ok,PASS,22475144
2004,Harry Potter and the Prisoner of  Azkaban,ok,PASS,982470644
2004,Hellboy,notalk,FAIL,123102194
2004,Home on the Range,ok,PASS,94317626
2004,I Heart Huckabees,ok,PASS,24706665
2004,"I, Robot",notalk,FAIL,429892298
2004,In Good Company,notalk,FAIL,78295110
2004,Kinsey,ok,PASS,16032690
2004,Kung Fu Hustle,nowomen,FAIL,124558238
2004,Layer Cake,notalk,FAIL,14613600
2004,Lemony Snicket&#39;s A Series of Unfortunate Events,ok,PASS,248645124
2004,Maria Full of Grace,ok,PASS,17808733
2004,Mean Girls,ok,PASS,161490339
2004,Million Dollar Baby,ok,PASS,286120974
2004,Miracle,notalk,FAIL,79509747
2004,My Summer of Love,ok,PASS,6106125
2004,Napoleon Dynamite,notalk,FAIL,56878201
2004,New York Minute,notalk,FAIL,26163275
2004,Primer,notalk,FAIL,697797
2004,Raising Helen,ok,PASS,53446952
2004,Ray,dubious,FAIL,153930950
2004,Resident Evil: Apocalypse,ok,PASS,159007986
2004,Saved!,ok,PASS,12613378
2004,Saw,men,FAIL,127137678
2004,Secret Window,notalk,FAIL,113591309
2004,Shark Tale,notalk,FAIL,453599307
2004,Shaun of the Dead,ok,PASS,37405681
2004,Shrek 2,ok,PASS,1155511754
2004,Sideways,ok,PASS,135496025
2004,Sky Captain and the World of Tomorrow,ok,PASS,61327735
2004,Spanglish,ok,PASS,67017030
2004,Spider-Man 2,notalk,FAIL,966459425
2004,Team America: World Police,men,FAIL,61998567
2004,The Aviator,notalk,FAIL,264654077
2004,The Bourne Supremacy,men,FAIL,355883988
2004,The Butterfly Effect,men,FAIL,118444284
2004,The Chronicles of Riddick,men,FAIL,132214001
2004,The Day After Tomorrow,ok,PASS,686049183
2004,The Grudge,ok,PASS,230953737
2004,The Incredibles,ok,PASS,779510522
2004,The Life Aquatic with Steve Zissou,men,FAIL,42923407
2004,The Notebook,dubious,FAIL,126127005
2004,The Phantom of the Opera,men,FAIL,195122925
2004,The Polar Express,notalk,FAIL,393449767
2004,The Princess Diaries 2: Royal Engagement,ok,PASS,150537624
2004,The Stepford Wives,ok,PASS,118660249
2004,The Terminal,notalk,FAIL,269667169
2004,The Village,ok,PASS,317721828
2004,The Whole Ten Yards,notalk,FAIL,32462531
2004,Troy,notalk,FAIL,597064223
2004,Van Helsing,ok,PASS,370143515
2004,Vera Drake,ok,PASS,16467879
2004,White Chicks,ok,PASS,137438109
2004,Wimbledon,ok,PASS,51382801
2003,2 Fast 2 Furious,notalk,FAIL,299075134
2003,21 grams,dubious,FAIL,75544402
2003,Big Fish,notalk,FAIL,156276743
2003,Bon voyage,ok,PASS,10586685
2003,Bruce Almighty,ok,PASS,612120077
2003,Charlie&#39;s Angels: Full Throttle,ok,PASS,287654957
2003,Cold Mountain,ok,PASS,204640944
2003,Cradle 2 the Grave,notalk,FAIL,71451544
2003,Daddy Day Care,ok,PASS,207999839
2003,Daredevil,nowomen,FAIL,231418562
2003,Darkness Falls,notalk,FAIL,41198066
2003,Dreamcatcher,nowomen,FAIL,95824131
2003,Final Destination 2,ok,PASS,114450037
2003,Finding Nemo,notalk,FAIL,1147664217
2003,Freaky Friday,ok,PASS,203615191
2003,Girl with a Pearl Earring,ok,PASS,54798208
2003,Goodbye Lenin!,ok,PASS,100507729
2003,Holes,men,FAIL,91644342
2003,Hollywood Homicide,notalk,FAIL,64706900
2003,House of Sand and Fog,ok,PASS,20457336
2003,How to Lose a Guy in 10 Days,men,FAIL,224198644
2003,Hulk,notalk,FAIL,310481535
2003,Identity,notalk,FAIL,104051689
2003,In the Cut,ok,PASS,29998216
2003,Jeepers Creepers II,ok,PASS,45102830
2003,Kill Bill: Vol. 1,ok,PASS,228019903
2003,Lara Croft Tomb Raider: The Cradle of Life,nowomen,FAIL,198084062
2003,"Legally Blonde 2: Red, White &amp; Blonde",ok,PASS,158690184
2003,Les triplettes de Belleville,ok,PASS,18282439
2003,Lost In Translation,dubious,FAIL,142498954
2003,Love Actually,ok,PASS,313948928
2003,Master and Commander: The Far Side of the World,nowomen,FAIL,269565280
2003,Mona Lisa Smile,ok,PASS,178778023
2003,Monster,ok,PASS,73437720
2003,Mystic River,ok,PASS,198566990
2003,Peter Pan,ok,PASS,120601727
2003,Pirates of the Caribbean: The Curse of the Black Pearl,men,FAIL,803907108
2003,Pride and Prejudice,ok,PASS,153093346
2003,S.W.A.T.,ok,PASS,262275924
2003,Scary Movie 3,ok,PASS,196496696
2003,Secondhand Lions,notalk,FAIL,60648814
2003,Shanghai Knights,notalk,FAIL,111816793
2003,Shattered Glass,men,FAIL,3713077
2003,Sinbad: Legend of the Seven Seas,men,FAIL,102259164
2003,Something&#39;s Gotta Give,dubious,FAIL,337646706
2003,Spy Kids 3-D: Game Over,ok,PASS,212515222
2003,Swimming Pool,ok,PASS,28412666
2003,Terminator 3: Rise of the Machines,ok,PASS,548289460
2003,The Core,ok,PASS,93858357
2003,The Italian Job,notalk,FAIL,223164081
2003,The Jungle Book 2,nowomen,FAIL,171812557
2003,The Last Samurai,nowomen,FAIL,578361911
2003,The League of Extraordinary Gentlemen,nowomen,FAIL,226965337
2003,The Lord of the Rings: The Return of the King,notalk,FAIL,1445122625
2003,The Matrix Reloaded,ok,PASS,935102616
2003,The Matrix Revolutions,ok,PASS,537149747
2003,The Missing,ok,PASS,48432173
2003,The School of Rock,dubious,FAIL,166061455
2003,Thirteen,ok,PASS,12035418
2003,Timeline,notalk,FAIL,33808553
2003,Undead,ok,PASS,290250
2003,Underworld,dubious,FAIL,121175229
2003,Wrong Turn,ok,PASS,36272829
2003,X2 (X-Men 2),ok,PASS,516198274
2002,25th Hour,men,FAIL,32825657
2002,28 Days Later...,ok,PASS,107442412
2002,8 femmes,ok,PASS,54885065
2002,8 Mile,notalk,FAIL,314630213
2002,About Schmidt,notalk,FAIL,137060380
2002,Adaptation,dubious,FAIL,29139615
2002,All or Nothing,ok,PASS,238643
2002,Antwone Fisher,notalk,FAIL,30265212
2002,Austin Powers in Goldmember,notalk,FAIL,379148984
2002,Bend It Like Beckham,ok,PASS,99379590
2002,Blade II,notalk,FAIL,199896148
2002,Blue Crush,ok,PASS,66855105
2002,Cabin Fever,ok,PASS,39310844
2002,Carrie,ok,PASS,110092382
2002,Catch Me If You Can,notalk,FAIL,454746230
2002,Chicago,ok,PASS,398510478
2002,Crossroads,ok,PASS,73825215
2002,Death to Smoochy,men,FAIL,10845911
2002,Die Another Day,men,FAIL,559442481
2002,Drumline,notalk,FAIL,73045727
2002,Equilibrium,notalk,FAIL,6923858
2002,Far from Heaven,ok,PASS,37596351
2002,Frida,men,FAIL,72155308
2002,Funny Ha Ha,ok,PASS,99819
2002,Gangs of New York,notalk,FAIL,246602123
2002,Gerry,nowomen,FAIL,329860
2002,Harry Potter and the Chamber of Secrets,ok,PASS,1138436153
2002,High Crimes,ok,PASS,82607955
2002,I Spy,notalk,FAIL,78073173
2002,Ice Age,nowomen,FAIL,500089862
2002,Igby Goes Down,men,FAIL,6187673
2002,Insomnia,notalk,FAIL,147161499
2002,Lilo and Stitch,ok,PASS,318355051
2002,Maid in Manhattan,ok,PASS,212199853
2002,May,ok,PASS,644143
2002,Men in Black II,notalk,FAIL,572168477
2002,Minority Report,notalk,FAIL,464742312
2002,Mr Deeds,men,FAIL,221824742
2002,My Big Fat Greek Wedding,ok,PASS,456217193
2002,Panic Room,ok,PASS,254254517
2002,Phone Booth,notalk,FAIL,126716628
2002,Queen of the Damned,ok,PASS,39254038
2002,Rabbit-Proof Fence,ok,PASS,21845695
2002,Real Women Have Curves,ok,PASS,7580935
2002,Red Dragon,notalk,FAIL,267396769
2002,Reign of Fire,notalk,FAIL,106399210
2002,Resident Evil,ok,PASS,134423285
2002,Scooby-Doo,ok,PASS,357850459
2002,Signs,notalk,FAIL,528777236
2002,Snow Dogs,notalk,FAIL,151403896
2002,Solaris,notalk,FAIL,19388882
2002,Spider-Man,notalk,FAIL,1064074398
2002,Spirit: Stallion of the Cimarron,nowomen,FAIL,137956416
2002,Spun,ok,PASS,1324514
2002,Spy Kids 2: Island of Lost Dreams,ok,PASS,155060534
2002,Star Trek: Nemesis,notalk,FAIL,87182173
2002,Star Wars: Episode II - Attack of the Clones,dubious,FAIL,850538512
2002,The Adventures of Pluto Nash,men,FAIL,9189290
2002,The Banger Sisters,ok,PASS,49303870
2002,The Bourne Identity,notalk,FAIL,276261727
2002,The Dangerous Lives of Altar Boys,notalk,FAIL,2304492
2002,The Good Girl,ok,PASS,21831701
2002,The Hours,ok,PASS,125671845
2002,The Importance of Being Earnest,ok,PASS,10851194
2002,The Lord of the Rings: The Two Towers,notalk,FAIL,1200694576
2002,The Powerpuff Girls,ok,PASS,21274227
2002,The Quiet American,men,FAIL,34125645
2002,The Ring,ok,PASS,321487424
2002,The Rules of Attraction,dubious,FAIL,15281897
2002,The Santa Clause 2,notalk,FAIL,223840454
2002,The Sweetest Thing,ok,PASS,57808305
2002,The Transporter,nowomen,FAIL,56895840
2002,The Tuxedo,nowomen,FAIL,135255080
2002,Treasure Planet,notalk,FAIL,118897452
2002,Tuck Everlasting,ok,PASS,25054743
2002,Two Weeks Notice,ok,PASS,257796757
2002,We Were Soldiers,ok,PASS,148502998
2002,Whale Rider,ok,PASS,51667906
2002,White Oleander,ok,PASS,28050694
2002,xXx,notalk,FAIL,346071886
2001,A Beautiful Mind,notalk,FAIL,418002230
2001,A Knight&#39;s Tale,men,FAIL,132403823
2001,Along Came A Spider,ok,PASS,138373157
2001,American Outlaws,notalk,FAIL,17454678
2001,Antitrust,men,FAIL,23507863
2001,Artificial Intelligence: AI,notalk,FAIL,310408061
2001,Atlantis: The Lost Empire,notalk,FAIL,244811851
2001,Black Hawk Down,nowomen,FAIL,210128869
2001,Blow,notalk,FAIL,109586673
2001,Bridget Jones&#39;s Diary,ok,PASS,370446373
2001,Don&#39;t Say A Word,ok,PASS,137490616
2001,Donnie Darko,dubious,FAIL,10127447
2001,Dr. Dolittle 2,ok,PASS,231722738
2001,Evolution,ok,PASS,129402834
2001,From Hell,dubious,FAIL,90414888
2001,Ghost World,ok,PASS,11528926
2001,Gosford Park,ok,PASS,54344576
2001,Hannibal,ok,PASS,460678038
2001,Harry Potter and the Sorcerer&#39;s Stone,ok,PASS,1282627914
2001,Hedwig and the Angry Inch,ok,PASS,4794811
2001,High Heels and Low Lifes,ok,PASS,298423
2001,Impostor,nowomen,FAIL,8045394
2001,Jason X,ok,PASS,22305955
2001,Jay and Silent Bob Strike Back,ok,PASS,44426118
2001,Jeepers Creepers,ok,PASS,77554691
2001,Josie and the Pussycats,ok,PASS,18754529
2001,Kate &amp; Leopold,men,FAIL,93343188
2001,Kiss of the Dragon,notalk,FAIL,48467177
2001,Kissing Jessica Stein,ok,PASS,11621399
2001,L.I.E.,notalk,FAIL,1501334
2001,Lara Croft: Tomb Raider,nowomen,FAIL,361389438
2001,Legally Blonde,ok,PASS,186599109
2001,Lovely and Amazing,ok,PASS,6178924
2001,Monkeybone,dubious,FAIL,7118091
2001,Monsoon Wedding,ok,PASS,35561527
2001,"Monsters, Inc.",notalk,FAIL,736554932
2001,Moulin Rouge!,ok,PASS,235816959
2001,Mulholland Dr.,ok,PASS,15684329
2001,Nowhere in Africa,ok,PASS,8123355
2001,Ocean&#39;s Eleven,notalk,FAIL,593089313
2001,Osmosis Jones,dubious,FAIL,17891440
2001,Pearl Harbor,men,FAIL,591130447
2001,Save the Last Dance,ok,PASS,173215693
2001,Shallow Hal,ok,PASS,93209654
2001,Shaolin Soccer,nowomen,FAIL,56286669
2001,Shrek,notalk,FAIL,647149877
2001,Someone Like You...,ok,PASS,50903377
2001,Spy Kids,ok,PASS,260132301
2001,Super Troopers,notalk,FAIL,30325173
2001,The Fast and the Furious,notalk,FAIL,271738388
2001,The Glass House,ok,PASS,30082587
2001,The Legend of Suriyothai,ok,PASS,597730
2001,The Lord of the Rings: The Fellowship of the Ring,notalk,FAIL,1167441808
2001,The Majestic,notalk,FAIL,49089389
2001,The One,nowomen,FAIL,57773198
2001,The Others,ok,PASS,276257960
2001,The Princess Diaries,ok,PASS,217555094
2001,The Royal Tenenbaums,ok,PASS,93992029
2001,The Wedding Planner,ok,PASS,124648152
2001,Thir13en Ghosts,notalk,FAIL,90093288
2001,Training Day,notalk,FAIL,137512958
2001,Valentine,men,FAIL,26822383
2001,Vanilla Sky,notalk,FAIL,266756984
2001,Zoolander,ok,PASS,79978408
2000,28 Days,ok,PASS,83966868
2000,Almost Famous,ok,PASS,64088881
2000,American Psycho,notalk,FAIL,38793859
2000,Beautiful Creatures,ok,PASS,75682603
2000,Best in Show,ok,PASS,27998998
2000,Billy Elliot,ok,PASS,147846184
2000,Boiler Room,notalk,FAIL,38928095
2000,Bring It On,ok,PASS,122375366
2000,Cast Away,notalk,FAIL,578003746
2000,Cecil B. Demented,ok,PASS,2643423
2000,Center Stage,ok,PASS,23271276
2000,Charlie&#39;s Angels,ok,PASS,351399133
2000,Chicken Run,ok,PASS,308184297
2000,Chocolat,ok,PASS,206318992
2000,Coyote Ugly,men,FAIL,156648214
2000,Dancer in the Dark,ok,PASS,61635111
2000,"Dude, Where&#39;s My Car",men,FAIL,99006237
2000,Dune,ok,PASS,37133914
2000,Erin Brockovich,ok,PASS,348786874
2000,Final Destination,notalk,FAIL,151575620
2000,Gladiator,nowomen,FAIL,619204256
2000,Gone in Sixty Seconds,notalk,FAIL,314744675
2000,High Fidelity,men,FAIL,64779503
2000,Hollow Man,ok,PASS,258676083
2000,Little Nicky,notalk,FAIL,78834500
2000,Love &amp; Basketball,ok,PASS,37488584
2000,Meet the Parents,men,FAIL,412095756
2000,Memento,notalk,FAIL,53741710
2000,Miss Congeniality,ok,PASS,288738993
2000,Mission to Mars,notalk,FAIL,143408288
2000,"O Brother, Where Art Thou?",nowomen,FAIL,102501499
2000,Pitch Black,ok,PASS,71950493
2000,Pokemon: The Movie 2000,men,FAIL,181217915
2000,Red Planet,nowomen,FAIL,45273684
2000,Remember the Titans,notalk,FAIL,184951617
2000,Requiem for a Dream,ok,PASS,9998139
2000,Return to Me,dubious,FAIL,44189098
2000,Romeo Must Die,nowomen,FAIL,123164396
2000,Rugrats in Paris:,ok,PASS,139734889
2000,Saving Grace,ok,PASS,37593061
2000,Scream 3,ok,PASS,218952089
2000,Sexy Beast,men,FAIL,13738212
2000,Shanghai Noon,notalk,FAIL,96313324
2000,Snatch.,nowomen,FAIL,113093815
2000,Songcatcher,ok,PASS,4127634
2000,The Beach,notalk,FAIL,53816800
2000,The Cell,men,FAIL,116230018
2000,The Emperor&#39;s New Groove,ok,PASS,229042753
2000,The Gift,dubious,FAIL,60295888
2000,The Patriot,dubious,FAIL,291281175
2000,The Road to El Dorado,nowomen,FAIL,88886081
2000,The Way of the Gun,men,FAIL,17671601
2000,The Whole Nine Yards,ok,PASS,115711368
2000,Thirteen days,notalk,FAIL,90042204
2000,Titan A.E.,ok,PASS,49722060
2000,Unbreakable,nowomen,FAIL,335655410
2000,Urbania,notalk,FAIL,1396303
2000,Vertical Limit,notalk,FAIL,288845939
2000,What Lies Beneath,ok,PASS,390576517
2000,What Women Want,notalk,FAIL,503417209
2000,Where the Heart Is,ok,PASS,55282615
2000,"Wo hu cang long (Crouching Tiger, Hidden Dragon)",ok,PASS,288440067
2000,X-Men,notalk,FAIL,400920487
1999,10 Things I Hate About You,ok,PASS,84486720
1999,8MM,notalk,FAIL,134810098
1999,American Beauty,ok,PASS,498213351
1999,American Pie,men,FAIL,328251410
1999,Analyze This,notalk,FAIL,247367876
1999,Anna and the King,men,FAIL,54891212
1999,Anywhere But Here,dubious,FAIL,26086372
1999,Austin Powers: The Spy Who Shagged Me,notalk,FAIL,433988407
1999,Being John Malkovich,ok,PASS,45285530
1999,Black and White,ok,PASS,7329780
1999,Blue Streak,notalk,FAIL,164246788
1999,Boys Don&#39;t Cry,ok,PASS,29005501
1999,But I&#39;m a Cheerleader,ok,PASS,3676824
1999,Carrie 2: The Rage,ok,PASS,24837027
1999,Cruel Intentions,ok,PASS,106008618
1999,Dick,ok,PASS,8777963
1999,Dogma,dubious,FAIL,61460819
1999,Drop Dead Gorgeous,ok,PASS,14783713
1999,Election,ok,PASS,24057538
1999,Eyes Wide Shut,ok,PASS,120627912
1999,Fight Club,notalk,FAIL,141040144
1999,Flawless,notalk,FAIL,6272780
1999,For Love of the Game,men,FAIL,64486776
1999,Galaxy Quest,notalk,FAIL,126593993
1999,"Girl, Interrupted",ok,PASS,40375263
1999,Go!,ok,PASS,39693164
1999,Jawbreaker,ok,PASS,4302816
1999,Magnolia,notalk,FAIL,67751013
1999,Muppets From Space,ok,PASS,22801624
1999,Mystery Men,nowomen,FAIL,46795352
1999,Notting Hill,ok,PASS,508660113
1999,Office Space,notalk,FAIL,17939209
1999,Payback,notalk,FAIL,226027993
1999,Pocket Monsters: Mewtwo Strikes Back!,notalk,FAIL,228850846
1999,Ravenous,notalk,FAIL,2884196
1999,Sleepy Hollow,ok,PASS,289577211
1999,South Park: Bigger Longer &amp; Uncut,dubious,FAIL,72772612
1999,Star Wars: Episode I - The Phantom Menace,ok,PASS,1408313741
1999,Stuart Little,notalk,FAIL,417860454
1999,Tarzan,men,FAIL,626779240
1999,The 13th Warrior,dubious,FAIL,86283567
1999,The Blair Witch Project,ok,PASS,347238122
1999,The Boondock Saints,nowomen,FAIL,575990
1999,The Green Mile,notalk,FAIL,406534833
1999,The Haunting,ok,PASS,251987342
1999,The Iron Giant,nowomen,FAIL,43819293
1999,The Matrix,ok,PASS,643684004
1999,The Mummy,notalk,FAIL,582299294
1999,The Sixth Sense,dubious,FAIL,940894052
1999,The Talented Mr. Ripley,dubious,FAIL,180110910
1999,Three to Tango,notalk,FAIL,14782268
1999,Topsy-Turvy,ok,PASS,8672922
1999,Toy Story 2,notalk,FAIL,715115132
1999,Virus,dubious,FAIL,42830263
1999,Wild Wild West,men,FAIL,309380824
1999,Wing Commander,men,FAIL,16191424
1998,54,notalk,FAIL,23948203
1998,A Bug&#39;s Life,ok,PASS,518911253
1998,American History X,men,FAIL,9603575
1998,Armageddon,notalk,FAIL,792596781
1998,Beloved,ok,PASS,32659228
1998,Blade,notalk,FAIL,187556021
1998,Bride of Chucky,notalk,FAIL,72445844
1998,Buffalo &#39;66,notalk,FAIL,3402201
1998,Dark City,notalk,FAIL,38953947
1998,Deep Impact,ok,PASS,499431243
1998,Disturbing Behavior,notalk,FAIL,25020345
1998,Elizabeth,ok,PASS,117404137
1998,Enemy of the State,notalk,FAIL,358211780
1998,Ever After,ok,PASS,93902242
1998,Fear and Loathing in Las Vegas,notalk,FAIL,19596124
1998,Festen (The Celebration),dubious,FAIL,2354896
1998,Get Real,men,FAIL,1646948
1998,Godzilla,dubious,FAIL,537353750
1998,Halloween H20: 20 Years Later,ok,PASS,78661926
1998,Happiness,ok,PASS,8212442
1998,Hope Floats,ok,PASS,116515728
1998,Little Voice,ok,PASS,31136839
1998,"Lock, Stock and Two Smoking Barrels",notalk,FAIL,40524745
1998,Lost in Space,ok,PASS,194429617
1998,Mercury Rising,notalk,FAIL,47137546
1998,Mulan,dubious,FAIL,433741657
1998,Out of Sight,men,FAIL,110847172
1998,Pi,men,FAIL,6686214
1998,Practical Magic,ok,PASS,97662611
1998,Primary Colors,ok,PASS,55761862
1998,Quest for Camelot,ok,PASS,54553553
1998,Rounders,notalk,FAIL,32758425
1998,Run Lola Run,notalk,FAIL,20769827
1998,Rush Hour,ok,PASS,350566156
1998,Rushmore,notalk,FAIL,27268466
1998,Safe Men,nowomen,FAIL,30312
1998,Saving Private Ryan,nowomen,FAIL,693179313
1998,Shakespeare in Love,ok,PASS,399442481
1998,Six Days Seven Nights,notalk,FAIL,235521005
1998,Sliding Doors,ok,PASS,84046055
1998,Slums of Beverly Hills,ok,PASS,7864191
1998,Small Soldiers,notalk,FAIL,102531416
1998,Smoke Signals,ok,PASS,11085232
1998,Sphere,notalk,FAIL,71697130
1998,Star Trek: Insurrection,ok,PASS,168351786
1998,Stepmom,ok,PASS,228297140
1998,The Avengers,ok,PASS,69434988
1998,The Big Lebowski,notalk,FAIL,66011004
1998,The Faculty,dubious,FAIL,57570196
1998,The Man in the Iron Mask,notalk,FAIL,81415051
1998,The Mask of Zorro,notalk,FAIL,333988221
1998,The Negotiator,notalk,FAIL,70178637
1998,The Prince of Egypt,notalk,FAIL,312408324
1998,The Proposition,men,FAIL,7593849
1998,The Thin Red Line,notalk,FAIL,52021118
1998,The Truman Show,notalk,FAIL,354996466
1998,There&#39;s Something About Mary,ok,PASS,514630544
1998,Urban Legend,ok,PASS,103714796
1998,Vampires (John Carpenter&#39;s),nowomen,FAIL,28966833
1998,Velvet Goldmine,men,FAIL,6948401
1998,Wild Things,men,FAIL,79426456
1998,You&#39;ve Got Mail,ok,PASS,358426384
1997,A Simple Wish,ok,PASS,11849668
1997,Air Bud,notalk,FAIL,40327947
1997,Air Force One,notalk,FAIL,457529453
1997,Alien: Resurrection,ok,PASS,233213967
1997,Anastasia,ok,PASS,202885136
1997,As Good as It Gets,ok,PASS,455851198
1997,Austin Powers: International Man of Mystery,men,FAIL,98225585
1997,Batman &amp; Robin,men,FAIL,345855898
1997,Boogie Nights,dubious,FAIL,62565379
1997,Cats Don&#39;t Dance,ok,PASS,5207916
1997,Chasing Amy,ok,PASS,21993652
1997,Cinderella,ok,PASS,123355241
1997,Clockwatchers,ok,PASS,783612
1997,Con Air,notalk,FAIL,325247966
1997,Conspiracy Theory,men,FAIL,207213175
1997,Contact,ok,PASS,240760405
1997,Eve&#39;s Bayou,ok,PASS,21541344
1997,Event Horizon,ok,PASS,38709226
1997,Fever Pitch,ok,PASS,72665044
1997,Flubber,men,FAIL,258311390
1997,G.I. Jane,ok,PASS,69904916
1997,Gattaca,notalk,FAIL,18188044
1997,George of the Jungle,ok,PASS,253187730
1997,Good Will Hunting,nowomen,FAIL,327883215
1997,Grosse Pointe Blank,ok,PASS,45090566
1997,Hercules,ok,PASS,363825398
1997,I Know What You Did Last Summer,ok,PASS,181767707
1997,In the Company of Men,notalk,FAIL,4184879
1997,Jackie Brown,ok,PASS,108447385
1997,Kiss the Girls,men,FAIL,87840357
1997,L.A. Confidential,notalk,FAIL,160514159
1997,Liar Liar,notalk,FAIL,439305185
1997,Men in Black,notalk,FAIL,853024040
1997,Mononoke-hime,ok,PASS,218193652
1997,Mortal Kombat: Annihilation,ok,PASS,74488288
1997,Must love Dogs,men,FAIL,85470471
1997,My Best Friend&#39;s Wedding,men,FAIL,433809062
1997,Orgazmo,notalk,FAIL,910343
1997,Scream 2,ok,PASS,147102287
1997,Selena,ok,PASS,51446556
1997,Smilla&#39;s Sense of Snow,ok,PASS,3224642
1997,Spawn,ok,PASS,127636188
1997,Starship Troopers,ok,PASS,175744937
1997,The Devil&#39;s Advocate,ok,PASS,222050207
1997,The Fifth Element,notalk,FAIL,382981741
1997,The Game,notalk,FAIL,70044851
1997,The Lost World: Jurassic Park,dubious,FAIL,1141669701
1997,The Peacemaker,dubious,FAIL,91380645
1997,The Postman,notalk,FAIL,25615375
1997,Titanic,ok,PASS,3171930973
1997,Volcano,ok,PASS,174293699
1996,August,dubious,FAIL,18767
1996,Bound,ok,PASS,10412962
1996,Broken Arrow,nowomen,FAIL,220318272
1996,Chain Reaction,notalk,FAIL,89420791
1996,DragonHeart,men,FAIL,154998762
1996,Emma,ok,PASS,56186252
1996,Escape from L.A.,notalk,FAIL,37763082
1996,Eye for an Eye,ok,PASS,39791578
1996,Fargo,ok,PASS,76047227
1996,Freeway,ok,PASS,438856
1996,From Dusk Till Dawn,notalk,FAIL,38211750
1996,Hamlet,notalk,FAIL,3593608
1996,Harriet the Spy,ok,PASS,39460903
1996,Independence Day,ok,PASS,1213975115
1996,Jingle All the Way,notalk,FAIL,192822510
1996,Kingpin,notalk,FAIL,47857099
1996,Love and Other Catastrophes,ok,PASS,1103798
1996,Mars Attacks!,ok,PASS,150552679
1996,Mission: Impossible,notalk,FAIL,679757008
1996,Romeo + Juliet,dubious,FAIL,219124769
1996,Scream,ok,PASS,257002834
1996,Secrets &amp; Lies,ok,PASS,19926891
1996,Set It Off,ok,PASS,53538871
1996,Space Jam,notalk,FAIL,371588265
1996,Spy Hard,notalk,FAIL,40004796
1996,Star Trek: First Contact,ok,PASS,222774739
1996,Striptease,dubious,FAIL,168283656
1996,That Thing You Do!,ok,PASS,51323462
1996,The Cable Guy,notalk,FAIL,152713266
1996,The Craft,ok,PASS,82678338
1996,The English Patient,ok,PASS,344137032
1996,The Fan,notalk,FAIL,27598768
1996,The First Wives Club,ok,PASS,269541399
1996,The Glimmer Man,notalk,FAIL,54067193
1996,The Hunchback of Notre Dame,notalk,FAIL,483421183
1996,The Long Kiss Goodnight,notalk,FAIL,49675220
1996,The Mirror Has Two Faces,ok,PASS,61288998
1996,The Rock,notalk,FAIL,499118651
1996,Trainspotting,men,FAIL,35645124
1996,Twister,ok,PASS,736493287
1996,Walking and Talking,ok,PASS,2399710
1996,When the Cat&#39;s Away,ok,PASS,3751503
1995,Apollo 13,ok,PASS,510765217
1995,Assassins,notalk,FAIL,127356911
1995,Batman Forever,notalk,FAIL,514478842
1995,Before Sunrise,nowomen,FAIL,8062791
1995,Braveheart,men,FAIL,319514907
1995,Casino,men,FAIL,168777252
1995,Casper,ok,PASS,431574441
1995,Clueless,ok,PASS,86526587
1995,Congo,nowomen,FAIL,232408620
1995,Copycat,dubious,FAIL,49000312
1995,Die Hard: With a Vengeance,notalk,FAIL,557210677
1995,Four rooms,notalk,FAIL,6575280
1995,Home for the holidays,ok,PASS,33815484
1995,Jumanji,ok,PASS,401699506
1995,Mallrats,notalk,FAIL,3223228
1995,Mortal Kombat,notalk,FAIL,186714768
1995,Outbreak,ok,PASS,103687285
1995,Pocahontas,ok,PASS,530639350
1995,Pride and Prejudice,ok,PASS,184857731
1995,Sabrina,ok,PASS,133156691
1995,Safe,ok,PASS,63437029
1995,Se7en,notalk,FAIL,501631742
1995,Sense and Sensibility,ok,PASS,206375709
1995,Showgirls,ok,PASS,57712577
1995,Species,dubious,FAIL,173293953
1995,Tank Girl,ok,PASS,6213469
1995,The American President,ok,PASS,164837302
1995,The Bridges of Madison County,ok,PASS,268326198
1995,The Incredibly True Adventures of Two Girls in Love,ok,PASS,3787024
1995,The Net,ok,PASS,168963355
1995,The Quick and the Dead,notalk,FAIL,28362620
1995,The Usual Suspects,notalk,FAIL,52665468
1995,Toy Story,notalk,FAIL,557286202
1995,Twelve Monkeys,notalk,FAIL,258121354
1995,Waterworld,nowomen,FAIL,403974193
1995,Welcome to the Dollhouse,ok,PASS,7697090
1994,Ace Ventura: Pet Detective,men,FAIL,168509796
1994,Beverly Hills Cop III,nowomen,FAIL,187312473
1994,Clerks.,notalk,FAIL,6120440
1994,Crooklyn,ok,PASS,20469628
1994,Dumb &amp; Dumber,men,FAIL,387258182
1994,Ed Wood,ok,PASS,9160394
1994,Forrest Gump,notalk,FAIL,1067789822
1994,Legends of the Fall,ok,PASS,252256228
1994,Little Women,ok,PASS,78588426
1994,Naked Gun 33 1/3: The Final Insult,men,FAIL,80220683
1994,Police Academy: Mission to Moscow,notalk,FAIL,198418
1994,Priest,ok,PASS,132261912
1994,Pulp Fiction,ok,PASS,334652619
1994,Speed,ok,PASS,445095443
1994,Stargate,notalk,FAIL,308935323
1994,Street Fighter,ok,PASS,156259619
1994,The Client,ok,PASS,184851675
1994,The Hudsucker Proxy,notalk,FAIL,23477761
1994,The Lion King,notalk,FAIL,1497608078
1994,The Mask,notalk,FAIL,552628944
1994,The Santa Clause,notalk,FAIL,298301960
1994,The Shadow,nowomen,FAIL,50034889
1994,The Shawshank Redemption,nowomen,FAIL,44386120
1994,The Specialist,notalk,FAIL,90154744
1994,Timecop,notalk,FAIL,160394011
1994,True Lies,notalk,FAIL,574129115
1993,Cliffhanger,notalk,FAIL,411177020
1993,Cool Runnings,notalk,FAIL,250021852
1993,Dazed and Confused,ok,PASS,12820482
1993,Gettysburg,nowomen,FAIL,17304904
1993,Groundhog Day,men,FAIL,114334580
1993,Hocus Pocus,ok,PASS,63467174
1993,Jurassic Park,ok,PASS,1669905770
1993,Mrs. Doubtfire,ok,PASS,711555544
1993,Pieces of April,ok,PASS,5789647
1993,Schindler&#39;s List,ok,PASS,518188770
1993,Super Mario Bros.,dubious,FAIL,33611556
1993,The Age of Innocence,ok,PASS,51622860
1993,The Fugitive,men,FAIL,570351412
1993,The Princess and the Cobbler,nowomen,FAIL,1079180
1993,The Remains of the Day,nowomen,FAIL,103124758
1993,Tombstone,ok,PASS,91112095
1992,A Few Good Men,notalk,FAIL,392672121
1992,A League of Their Own,ok,PASS,219896498
1992,Aladdin,nowomen,FAIL,836898388
1992,Alien 3,nowomen,FAIL,263165037
1992,Army of Darkness,men,FAIL,35702407
1992,Batman Returns,nowomen,FAIL,443020974
1992,Buffy the Vampire Slayer,ok,PASS,23629512
1992,Death Becomes Her,ok,PASS,247429345
1992,El Mariachi,nowomen,FAIL,3390310
1992,Glengarry Glen Ross,nowomen,FAIL,17807603
1992,Hero,notalk,FAIL,110889898
1992,Home Alone 2: Lost in New York,notalk,FAIL,596056107
1992,Malcolm X,dubious,FAIL,79978777
1992,My Cousin Vinny,notalk,FAIL,87880798
1992,Reservoir Dogs,nowomen,FAIL,4702152
1992,The Crying Game,men,FAIL,103849232
1992,The Mighty Ducks,notalk,FAIL,84266502
1992,The Muppet Christmas Carol,notalk,FAIL,45296775
1992,The Player,ok,PASS,47945352
1992,Wayne&#39;s World,notalk,FAIL,304005134
1991,Beauty and the Beast,ok,PASS,772310338
1991,Bill &amp; Ted&#39;s Bogus Journey,notalk,FAIL,64220970
1991,Hook,men,FAIL,514714575
1991,Hudson Hawk,ok,PASS,29458817
1991,Robin Hood: Prince of Thieves,dubious,FAIL,668083163
1991,Slacker,ok,PASS,2100070
1991,Star Trek VI: The Undiscovered Country,men,FAIL,165780431
1991,Teenage Mutant Ninja Turtles II: The Secret of the Ooze,ok,PASS,134569251
1991,Terminator 2: Judgement Day,dubious,FAIL,884189932
1991,The Addams Family,ok,PASS,327629772
1991,The Naked Gun 2 1/2: The Smell of Fear,notalk,FAIL,148724056
1991,The Silence of the Lambs,ok,PASS,471724395
1991,White Fang,notalk,FAIL,59415931
1990,Back to the Future Part III,notalk,FAIL,434511105
1990,Child&#39;s Play 2,ok,PASS,60918157
1990,Dark Angel (I Come in Peace),nowomen,FAIL,7796169
1990,Die Hard 2,dubious,FAIL,427582507
1990,Edward Scissorhands,ok,PASS,96239640
1990,Flatliners,ok,PASS,109310929
1990,Ghost,men,FAIL,922868068
1990,Goodfellas,men,FAIL,83343062
1990,Home Alone,men,FAIL,849917050
1990,Nikita,ok,PASS,8946919
1990,Predator 2,men,FAIL,97650742
1990,Pretty Woman,ok,PASS,771396947
1990,The Hunt for Red October,notalk,FAIL,357486568
1990,Total Recall,notalk,FAIL,354127435
1990,Tremors,ok,PASS,29717001
1989,Back to the Future Part II,ok,PASS,624023495
1989,Batman,notalk,FAIL,773166847
1989,Bill &amp; Ted&#39;s Excellent Adventure,men,FAIL,76095227
1989,Dead Poets Society,notalk,FAIL,450161527
1989,Henry V,ok,PASS,19098688
1989,Indiana Jones and the Last Crusade,nowomen,FAIL,891248035
1989,Licence to Kill,men,FAIL,293529779
1989,Major League,notalk,FAIL,93590469
1989,Road House,notalk,FAIL,56481697
1989,"Sex, Lies, and Videotape",men,FAIL,69059227
1989,Star Trek V: The Final Frontier,notalk,FAIL,131947137
1989,The Abyss,ok,PASS,101954772
1989,Troop Beverly Hills,ok,PASS,13515193
1989,UHF,notalk,FAIL,11572924
1988,Action Jackson,notalk,FAIL,39899139
1988,Akira,notalk,FAIL,38576
1988,Beetle Juice,ok,PASS,144427648
1988,Bloodsport,notalk,FAIL,23253887
1988,Child&#39;s Play,ok,PASS,87051866
1988,Dangerous Liaisons,ok,PASS,68346751
1988,Die Hard,ok,PASS,273996307
1988,Midnight Run,men,FAIL,160749995
1988,My Stepmother Is an Alien,ok,PASS,27287490
1988,Mystic Pizza,ok,PASS,25198114
1988,Poltergeist III,ok,PASS,27799598
1988,Rain Man,notalk,FAIL,813070285
1988,Scrooged,ok,PASS,118825964
1988,The Land Before Time,ok,PASS,161457571
1988,The Last Temptation of Christ,men,FAIL,16493007
1988,They Live,nowomen,FAIL,25605411
1988,Twins,men,FAIL,426625542
1988,Who Framed Roger Rabbit,notalk,FAIL,692330924
1988,Young Guns,notalk,FAIL,88095701
1987,Beverly Hills Cop II,notalk,FAIL,567273267
1987,Evil Dead II,dubious,FAIL,12144594
1987,Fatal Attraction,dubious,FAIL,656332204
1987,"Good Morning, Vietnam",notalk,FAIL,254090104
1987,Hellraiser,ok,PASS,29861988
1987,Lethal Weapon,notalk,FAIL,246442080
1987,Predator,nowomen,FAIL,201487544
1987,Radio Days,notalk,FAIL,30331075
1987,RoboCop,notalk,FAIL,454321579
1987,Spaceballs,dubious,FAIL,78160088
1987,Superman IV: The Quest for Peace,ok,PASS,23021501
1987,The Last Emperor,dubious,FAIL,90184679
1987,The Lost Boys,notalk,FAIL,66069067
1987,The Princess Bride,men,FAIL,63269112
1986,Aliens,ok,PASS,389321020
1986,Crocodile Dundee,dubious,FAIL,696594829
1986,Highlander,ok,PASS,27396565
1986,Howard The Duck,dubious,FAIL,34608390
1986,Little Shop of Horrors,notalk,FAIL,82290329
1986,Peggy Sue Got Married,ok,PASS,87887418
1986,Platoon,nowomen,FAIL,293001649
1986,Stand By Me,nowomen,FAIL,111046165
1986,The Clan of the Cave Bear,ok,PASS,4149267
1986,Top Gun,men,FAIL,757760530
1985,Back to the Future,notalk,FAIL,831110482
1985,Brazil,ok,PASS,21497131
1985,Commando,notalk,FAIL,75937118
1985,Day of the Dead,nowomen,FAIL,0
1985,Ladyhawke,nowomen,FAIL,39837026
1985,Legend,dubious,FAIL,33562937
1985,My Beautiful Laundrette,men,FAIL,0
1985,Red Sonja,ok,PASS,14951574
1985,Return to Oz,ok,PASS,22990322
1985,The Color Purple,ok,PASS,202626921
1984,A nightmare on Elm Street,men,FAIL,263884353
1984,Amadeus,ok,PASS,116494634
1984,Beverly Hills Cop,nowomen,FAIL,708968739
1984,Body Double,men,FAIL,19729056
1984,Conan the Destroyer,dubious,FAIL,59174122
1984,Dune,dubious,FAIL,61521969
1984,Friday the 13th Part IV: The Final Chapter,ok,PASS,73924796
1984,Ghostbusters,notalk,FAIL,653677077
1984,Gremlins,notalk,FAIL,332111304
1984,Indiana Jones and the Temple of Doom,nowomen,FAIL,746580777
1984,Police Academy,dubious,FAIL,182002774
1984,Repo Man,men,FAIL,5155321
1984,Splash,notalk,FAIL,140313263
1984,Star Trek III: The Search for Spock,notalk,FAIL,195005629
1984,The Karate Kid,ok,PASS,804883755
1984,The Terminator,men,FAIL,174875289
1983,Flashdance,ok,PASS,471294841
1983,Star Wars: Episode VI - Return of the Jedi,nowomen,FAIL,1339748672
1983,Superman III,ok,PASS,140245796
1983,Videodrome,men,FAIL,4960460
1983,WarGames,notalk,FAIL,174127177
1982,Blade Runner,notalk,FAIL,79974780
1982,Cat People,ok,PASS,50678628
1982,Conan the Barbarian,notalk,FAIL,190923490
1982,Diner,notalk,FAIL,30390060
1982,E.T.: The Extra-Terrestrial,dubious,FAIL,1913637848
1982,Fast Times at Ridgemont High,men,FAIL,65382380
1982,First Blood,nowomen,FAIL,302172295
1982,Friday the 13th Part III,dubious,FAIL,88542965
1982,Poltergeist,ok,PASS,293709241
1982,Porky&#39;s,men,FAIL,264234708
1982,Star Trek: The Wrath of Khan,dubious,FAIL,233604343
1982,The Best Little Whorehouse in Texas,ok,PASS,168208730
1982,Tootsie,notalk,FAIL,427631090
1982,TRON,nowomen,FAIL,64961738
1981,Das Boot,nowomen,FAIL,217684336
1981,Escape from New York,nowomen,FAIL,64674049
1981,Friday the 13th Part 2,notalk,FAIL,55651281
1981,Halloween II,ok,PASS,65414737
1981,Heavy Metal,notalk,FAIL,50138908
1981,History of the World: Part I,notalk,FAIL,81140060
1981,Raiders of the Lost Ark,nowomen,FAIL,998945973
1981,The Evil Dead,notalk,FAIL,75319455
1981,Time Bandits,notalk,FAIL,95814545
1980,Airplane!,dubious,FAIL,235987236
1980,Can&#39;t Stop the Music,ok,PASS,5655536
1980,Fame,ok,PASS,220444178
1980,Flash Gordon,dubious,FAIL,76655018
1980,Friday the 13th,men,FAIL,259308493
1980,Heaven&#39;s Gate,nowomen,FAIL,9852879
1980,Private Benjamin,ok,PASS,197512086
1980,Raging Bull,notalk,FAIL,66113787
1980,Somewhere in Time,men,FAIL,27456486
1980,Star Wars: Episode V - The Empire Strikes Back,nowomen,FAIL,1510514303
1980,Superman II,dubious,FAIL,305924063
1980,The Blues Brothers,notalk,FAIL,161832844
1980,The Fog,ok,PASS,104764631
1980,The Shining,men,FAIL,124470916
1979,Alien,ok,PASS,653566146
1979,Apocalypse Now,nowomen,FAIL,252913878
1979,Moonraker,notalk,FAIL,674971936
1979,Star Trek: The Motion Picture,notalk,FAIL,446129810
1979,The Amityville Horror,ok,PASS,350406635
1978,Animal House,men,FAIL,505611968
1978,Dawn of the Dead,nowomen,FAIL,369399800
1978,Days of Heaven,ok,PASS,13071926
1978,Grease,ok,PASS,1383697739
1978,Halloween,dubious,FAIL,276781136
1978,I Spit on Your Grave,nowomen,FAIL,4565044
1978,Superman,notalk,FAIL,1071925937
1978,The Deer Hunter,notalk,FAIL,178535299
1977,A Bridge Too Far,notalk,FAIL,195231833
1977,Annie Hall,ok,PASS,147005823
1977,Close Encounters of the Third Kind,notalk,FAIL,1297830510
1977,Eraserhead,nowomen,FAIL,26902024
1977,High Anxiety,notalk,FAIL,119379800
1977,Julia,ok,PASS,5246310
1977,Star Wars,notalk,FAIL,3066446442
1976,Assault on Precinct 13,notalk,FAIL,147473116
1976,Family Plot,ok,PASS,54012120
1976,Logan&#39;s Run,men,FAIL,102295681
1976,Network,ok,PASS,96934884
1976,Rocky,notalk,FAIL,920661128
1976,Silent Movie,notalk,FAIL,147901939
1976,Sparkle,ok,PASS,100905781
1976,Taxi Driver,notalk,FAIL,115645570
1975,Barry Lyndon,notalk,FAIL,86562007
1975,Jaws,notalk,FAIL,2037236823
1975,Monty Python and the Holy Grail,men,FAIL,21765791
1975,One Flew Over the Cuckoo&#39;s Nest,men,FAIL,471681892
1975,The Rocky Horror Picture Show,dubious,FAIL,605399166
1974,Black Christmas,ok,PASS,76693179
1974,Blazing Saddles,notalk,FAIL,564485269
1974,The Conversation,notalk,FAIL,20878869
1974,The Godfather: Part II,ok,PASS,270669505
1974,The Texas Chain Saw Massacre,notalk,FAIL,125520924
1974,The Towering Inferno,notalk,FAIL,125520924
1974,Young Frankenstein,men,FAIL,407657562
1973,American Graffiti,men,FAIL,734145189
1973,High Plains Drifter,notalk,FAIL,82329139
1973,Sleeper,notalk,FAIL,96197818
1973,The Exorcist,ok,PASS,2111900435
1973,The Sting,notalk,FAIL,837011132
1972,1776,notalk,FAIL,0
1972,Pink Flamingos,ok,PASS,2305762
1972,The Godfather,notalk,FAIL,1496119403
1971,Escape from the Planet of the Apes,notalk,FAIL,70780525
1971,Shaft,notalk,FAIL,616827003
1971,Straw Dogs,notalk,FAIL,64760273
1971,The French Connection,notalk,FAIL,236848653
1971,Willy Wonka &amp; the Chocolate Factory,men,FAIL,23018057
1970,Beyond the Valley of the Dolls,ok,PASS,53978683
